,True Prevalence,Daily EIR,id
0,0.0,0.0,b1468853-7590-ea11-a2c5-c4346bcb1550
1,0.0,0.0,c4468853-7590-ea11-a2c5-c4346bcb1550
2,0.0,0.0,a2468853-7590-ea11-a2c5-c4346bcb1550
3,0.0,0.0,c8468853-7590-ea11-a2c5-c4346bcb1550
4,0.0,0.0,b5468853-7590-ea11-a2c5-c4346bcb1550
5,0.0,0.0,d3468853-7590-ea11-a2c5-c4346bcb1550
6,0.0,0.0,a6468853-7590-ea11-a2c5-c4346bcb1550
7,0.0,0.0,b9468853-7590-ea11-a2c5-c4346bcb1550
8,0.0,0.0,ba468853-7590-ea11-a2c5-c4346bcb1550
9,0.0,0.0,ab468853-7590-ea11-a2c5-c4346bcb1550
10,0.0,0.0,d7468853-7590-ea11-a2c5-c4346bcb1550
11,0.0,0.0,be468853-7590-ea11-a2c5-c4346bcb1550
12,0.0,0.0,af468853-7590-ea11-a2c5-c4346bcb1550
13,0.0,0.0,c0468853-7590-ea11-a2c5-c4346bcb1550
14,0.0,0.0,cd468853-7590-ea11-a2c5-c4346bcb1550
15,0.29048622911923344,0.006356256048207748,eb468853-7590-ea11-a2c5-c4346bcb1550
16,0.15154868901183668,0.0022471074085070437,e2468853-7590-ea11-a2c5-c4346bcb1550
17,0.025626222151395456,0.00021785906139660545,dc468853-7590-ea11-a2c5-c4346bcb1550
18,0.31058954718994275,0.006574055304980472,ef468853-7590-ea11-a2c5-c4346bcb1550
19,0.23842939701798707,0.0034594346447019034,e6468853-7590-ea11-a2c5-c4346bcb1550
20,0.28221421511205863,0.00698204342696841,f9468853-7590-ea11-a2c5-c4346bcb1550
21,0.30683256616331367,0.009314014654517436,11478853-7590-ea11-a2c5-c4346bcb1550
22,0.33112759124742763,0.00707191859183792,fa468853-7590-ea11-a2c5-c4346bcb1550
23,0.3525600513366753,0.008408191332223614,fe468853-7590-ea11-a2c5-c4346bcb1550
24,0.304048060227746,0.009212308414663152,15478853-7590-ea11-a2c5-c4346bcb1550
25,0.20426745778077207,0.005612897824445112,06478853-7590-ea11-a2c5-c4346bcb1550
26,0.0,0.0,f1468853-7590-ea11-a2c5-c4346bcb1550
27,0.17483547240087535,0.003095162220216364,02478853-7590-ea11-a2c5-c4346bcb1550
28,0.3136788953656986,0.008461490850768099,0b478853-7590-ea11-a2c5-c4346bcb1550
29,0.26861264738318386,0.0047845451649253055,f5468853-7590-ea11-a2c5-c4346bcb1550
30,0.42175951951170715,0.01611974795846509,8bf3c559-7590-ea11-a2c5-c4346bcb1550
31,0.36992144609150984,0.01141444730814864,0f478853-7590-ea11-a2c5-c4346bcb1550
32,0.5745938201473177,0.02715096394084959,9af3c559-7590-ea11-a2c5-c4346bcb1550
33,0.4498085813979549,0.01578507507092336,86f3c559-7590-ea11-a2c5-c4346bcb1550
34,0.5240249939160799,0.02085446350225466,8ff3c559-7590-ea11-a2c5-c4346bcb1550
35,0.6469601311095781,0.03432335435629718,9ef3c559-7590-ea11-a2c5-c4346bcb1550
36,0.6248566149848797,0.03176889805863106,a1f3c559-7590-ea11-a2c5-c4346bcb1550
37,0.5363979820519299,0.024038130534838383,95f3c559-7590-ea11-a2c5-c4346bcb1550
38,0.7198931780579931,0.04405664804149126,aaf3c559-7590-ea11-a2c5-c4346bcb1550
39,0.5977024924265186,0.032350076094576075,a5f3c559-7590-ea11-a2c5-c4346bcb1550
40,0.8144284573319797,0.06340405508263441,bdf3c559-7590-ea11-a2c5-c4346bcb1550
41,0.5004483550378718,0.0211118523592821,99f3c559-7590-ea11-a2c5-c4346bcb1550
42,0.7305496023125834,0.04481596001615261,aef3c559-7590-ea11-a2c5-c4346bcb1550
43,0.63789638166558,0.034664036823461974,a9f3c559-7590-ea11-a2c5-c4346bcb1550
44,0.6716515913401575,0.04027091733192728,b0f3c559-7590-ea11-a2c5-c4346bcb1550
45,0.5965317742465307,0.02876900942766471,91f3c559-7590-ea11-a2c5-c4346bcb1550
46,0.736207195504066,0.04814864015844578,b4f3c559-7590-ea11-a2c5-c4346bcb1550
47,0.8568141163211966,0.07048596154949419,c3f3c559-7590-ea11-a2c5-c4346bcb1550
48,0.7697719774834101,0.052497558775421095,b8f3c559-7590-ea11-a2c5-c4346bcb1550
49,0.9079306122374852,0.09160005948315161,ccf3c559-7590-ea11-a2c5-c4346bcb1550
50,0.8917038314963028,0.08954210863129586,dbf3c559-7590-ea11-a2c5-c4346bcb1550
51,0.9256131035007855,0.10331333649076975,dff3c559-7590-ea11-a2c5-c4346bcb1550
52,0.8515676793986777,0.07416762200324487,c7f3c559-7590-ea11-a2c5-c4346bcb1550
53,0.9388592094591209,0.11165827063665154,e1f3c559-7590-ea11-a2c5-c4346bcb1550
54,0.9400621944910823,0.11354650134501353,e5f3c559-7590-ea11-a2c5-c4346bcb1550
55,0.8705700998436936,0.07916011919509808,d2f3c559-7590-ea11-a2c5-c4346bcb1550
56,0.9512609924355633,0.12643124718372445,e9f3c559-7590-ea11-a2c5-c4346bcb1550
57,0.9471373620098565,0.11959730568405026,eaf3c559-7590-ea11-a2c5-c4346bcb1550
58,0.9768764339081228,0.1642836620138137,f4f3c559-7590-ea11-a2c5-c4346bcb1550
59,0.9050840838314704,0.09105597069002108,d6f3c559-7590-ea11-a2c5-c4346bcb1550
60,0.9506209737633995,0.12199269212680079,eef3c559-7590-ea11-a2c5-c4346bcb1550
61,0.9673775824781915,0.14266565235918383,f0f3c559-7590-ea11-a2c5-c4346bcb1550
62,0.9816312680505699,0.17257946035633204,f8f3c559-7590-ea11-a2c5-c4346bcb1550
63,0.9919917446293243,0.24655812096922522,01f4c559-7590-ea11-a2c5-c4346bcb1550
64,0.9896919310909505,0.19873316218592083,fdf3c559-7590-ea11-a2c5-c4346bcb1550
65,0.0,0.0,b2468853-7590-ea11-a2c5-c4346bcb1550
66,0.0,0.0,a3468853-7590-ea11-a2c5-c4346bcb1550
67,0.0,0.0,ca468853-7590-ea11-a2c5-c4346bcb1550
68,0.0,0.0,b6468853-7590-ea11-a2c5-c4346bcb1550
69,0.0,0.0,ce468853-7590-ea11-a2c5-c4346bcb1550
70,0.0,0.0,d0468853-7590-ea11-a2c5-c4346bcb1550
71,0.0,0.0,d4468853-7590-ea11-a2c5-c4346bcb1550
72,0.0,0.0,bf468853-7590-ea11-a2c5-c4346bcb1550
73,0.0,0.0,c1468853-7590-ea11-a2c5-c4346bcb1550
74,0.0,0.0,bb468853-7590-ea11-a2c5-c4346bcb1550
75,0.0,0.0,ac468853-7590-ea11-a2c5-c4346bcb1550
76,0.0,0.0,c5468853-7590-ea11-a2c5-c4346bcb1550
77,0.0,0.0,c9468853-7590-ea11-a2c5-c4346bcb1550
78,0.1356706985259685,0.0016564939553811698,d8468853-7590-ea11-a2c5-c4346bcb1550
79,0.05404503339876123,0.001035802092160748,e3468853-7590-ea11-a2c5-c4346bcb1550
80,0.26954667319173914,0.006579662519762158,0c478853-7590-ea11-a2c5-c4346bcb1550
81,0.0,0.0,dd468853-7590-ea11-a2c5-c4346bcb1550
82,0.0,0.0,f2468853-7590-ea11-a2c5-c4346bcb1550
83,0.24678363706150933,0.005556023567564172,f6468853-7590-ea11-a2c5-c4346bcb1550
84,0.22621046067917452,0.0035471564608511395,e7468853-7590-ea11-a2c5-c4346bcb1550
85,0.40187530876839045,0.010557677364295899,fb468853-7590-ea11-a2c5-c4346bcb1550
86,0.3411911733346457,0.010008599882473244,12478853-7590-ea11-a2c5-c4346bcb1550
87,0.3558181871290079,0.009853798056608274,ff468853-7590-ea11-a2c5-c4346bcb1550
88,0.3290503043017976,0.006126230625971638,ec468853-7590-ea11-a2c5-c4346bcb1550
89,0.3988651053546228,0.012783871749288023,16478853-7590-ea11-a2c5-c4346bcb1550
90,0.3206577915851307,0.007768377479905945,03478853-7590-ea11-a2c5-c4346bcb1550
91,0.450242533259197,0.016403625441127653,83f3c559-7590-ea11-a2c5-c4346bcb1550
92,0.47974780365212355,0.013753779809156246,07478853-7590-ea11-a2c5-c4346bcb1550
93,0.4538757486702629,0.01719870466024508,8cf3c559-7590-ea11-a2c5-c4346bcb1550
94,0.2530601783974565,0.007772627339876944,87f3c559-7590-ea11-a2c5-c4346bcb1550
95,0.7365584526976494,0.046123708213028296,a2f3c559-7590-ea11-a2c5-c4346bcb1550
96,0.601822726040672,0.028334896394038488,9ff3c559-7590-ea11-a2c5-c4346bcb1550
97,0.4009086360670101,0.01505492000189962,92f3c559-7590-ea11-a2c5-c4346bcb1550
98,0.6531589868950529,0.03448505690448888,a6f3c559-7590-ea11-a2c5-c4346bcb1550
99,0.45858380819020517,0.018016338495103798,9bf3c559-7590-ea11-a2c5-c4346bcb1550
100,0.6877662297797529,0.041291203013022054,bef3c559-7590-ea11-a2c5-c4346bcb1550
101,0.6838314502206543,0.03626612669290726,abf3c559-7590-ea11-a2c5-c4346bcb1550
102,0.8464617784709177,0.0682946543885422,c0f3c559-7590-ea11-a2c5-c4346bcb1550
103,0.6778776116567112,0.03796124035262964,aff3c559-7590-ea11-a2c5-c4346bcb1550
104,0.5552864765467671,0.024085036532519616,96f3c559-7590-ea11-a2c5-c4346bcb1550
105,0.7020804945736703,0.04053797904555101,b1f3c559-7590-ea11-a2c5-c4346bcb1550
106,0.6603621257494567,0.03512318306283602,b5f3c559-7590-ea11-a2c5-c4346bcb1550
107,0.823970975287974,0.06381601510595016,c4f3c559-7590-ea11-a2c5-c4346bcb1550
108,0.7376483237906681,0.04727793273656345,b9f3c559-7590-ea11-a2c5-c4346bcb1550
109,0.7822062750385222,0.05787038171332186,cdf3c559-7590-ea11-a2c5-c4346bcb1550
110,0.7846924670755047,0.05532619276479488,baf3c559-7590-ea11-a2c5-c4346bcb1550
111,0.9758824637491437,0.15800049996947838,e6f3c559-7590-ea11-a2c5-c4346bcb1550
112,0.864434876833875,0.074802266745127,c8f3c559-7590-ea11-a2c5-c4346bcb1550
113,0.9774199781352525,0.15936644999948246,ebf3c559-7590-ea11-a2c5-c4346bcb1550
114,0.8912508590580653,0.08712992804915838,d3f3c559-7590-ea11-a2c5-c4346bcb1550
115,0.9839814235086323,0.1909538964294389,f1f3c559-7590-ea11-a2c5-c4346bcb1550
116,0.9831647561021126,0.17322505879892194,eff3c559-7590-ea11-a2c5-c4346bcb1550
117,0.9904438333968633,0.2093945136625493,f5f3c559-7590-ea11-a2c5-c4346bcb1550
118,0.8897110677745245,0.08621505324358884,d7f3c559-7590-ea11-a2c5-c4346bcb1550
119,0.9879969188611829,0.18918657915232792,faf3c559-7590-ea11-a2c5-c4346bcb1550
120,0.9811319151969786,0.17148174418978904,f9f3c559-7590-ea11-a2c5-c4346bcb1550
121,0.9634558267789455,0.1379889654174232,dcf3c559-7590-ea11-a2c5-c4346bcb1550
122,0.9915867390697911,0.219364556955963,fef3c559-7590-ea11-a2c5-c4346bcb1550
123,0.9630925405515337,0.13876123626346842,e2f3c559-7590-ea11-a2c5-c4346bcb1550
124,0.9916353542510796,0.2100283399020156,02f4c559-7590-ea11-a2c5-c4346bcb1550
125,0.0,0.0,a0468853-7590-ea11-a2c5-c4346bcb1550
126,0.0,0.0,c6468853-7590-ea11-a2c5-c4346bcb1550
127,0.0,0.0,cf468853-7590-ea11-a2c5-c4346bcb1550
128,0.0,0.0,b3468853-7590-ea11-a2c5-c4346bcb1550
129,0.0,0.0,d1468853-7590-ea11-a2c5-c4346bcb1550
130,0.0,0.0,a4468853-7590-ea11-a2c5-c4346bcb1550
131,0.0,0.0,b7468853-7590-ea11-a2c5-c4346bcb1550
132,0.0,0.0,a8468853-7590-ea11-a2c5-c4346bcb1550
133,0.0,0.0,d5468853-7590-ea11-a2c5-c4346bcb1550
134,0.0,0.0,bc468853-7590-ea11-a2c5-c4346bcb1550
135,0.0,0.0,ad468853-7590-ea11-a2c5-c4346bcb1550
136,0.0,0.0,cb468853-7590-ea11-a2c5-c4346bcb1550
137,0.0,0.0,c2468853-7590-ea11-a2c5-c4346bcb1550
138,0.0,0.0,d9468853-7590-ea11-a2c5-c4346bcb1550
139,0.0,0.0,da468853-7590-ea11-a2c5-c4346bcb1550
140,0.2587531991609148,0.004959052342168737,ed468853-7590-ea11-a2c5-c4346bcb1550
141,0.0,0.0,e4468853-7590-ea11-a2c5-c4346bcb1550
142,0.013607901009437758,0.00012455954222800276,de468853-7590-ea11-a2c5-c4346bcb1550
143,0.0,0.0,e0468853-7590-ea11-a2c5-c4346bcb1550
144,0.3869431298889564,0.009288664727331235,f7468853-7590-ea11-a2c5-c4346bcb1550
145,0.16692572627982274,0.002764189693828034,e8468853-7590-ea11-a2c5-c4346bcb1550
146,0.3598944907319082,0.010735284110965077,13478853-7590-ea11-a2c5-c4346bcb1550
147,0.21560202204201429,0.004169703386755907,fc468853-7590-ea11-a2c5-c4346bcb1550
148,0.3641044069642866,0.010461874176709785,04478853-7590-ea11-a2c5-c4346bcb1550
149,0.28587189904630933,0.00626001984936716,00478853-7590-ea11-a2c5-c4346bcb1550
150,0.3589361149154321,0.009324614862489979,08478853-7590-ea11-a2c5-c4346bcb1550
151,0.1640575870259167,0.002755033673578329,f3468853-7590-ea11-a2c5-c4346bcb1550
152,0.44443423380590386,0.014918361484289348,17478853-7590-ea11-a2c5-c4346bcb1550
153,0.30044939411829835,0.009000796547848439,0d478853-7590-ea11-a2c5-c4346bcb1550
154,0.47542842691892,0.016738759773490323,84f3c559-7590-ea11-a2c5-c4346bcb1550
155,0.42189206538135043,0.015549427574525262,8df3c559-7590-ea11-a2c5-c4346bcb1550
156,0.6658022124473356,0.03442295611108863,9cf3c559-7590-ea11-a2c5-c4346bcb1550
157,0.48251758152491425,0.01816288248367885,88f3c559-7590-ea11-a2c5-c4346bcb1550
158,0.5646027026111119,0.027876231691812865,a3f3c559-7590-ea11-a2c5-c4346bcb1550
159,0.7356526484228142,0.046268241229939125,bbf3c559-7590-ea11-a2c5-c4346bcb1550
160,0.4920221311588841,0.01982090795820918,97f3c559-7590-ea11-a2c5-c4346bcb1550
161,0.6640419181079079,0.039273024432054715,acf3c559-7590-ea11-a2c5-c4346bcb1550
162,0.6696575528954815,0.03700128852402474,a7f3c559-7590-ea11-a2c5-c4346bcb1550
163,0.8502154626258404,0.07006859416014578,bff3c559-7590-ea11-a2c5-c4346bcb1550
164,0.7362011328135436,0.04618072637854389,b2f3c559-7590-ea11-a2c5-c4346bcb1550
165,0.5559148667609819,0.02459125384331148,93f3c559-7590-ea11-a2c5-c4346bcb1550
166,0.7894675743089954,0.0566172314935354,c1f3c559-7590-ea11-a2c5-c4346bcb1550
167,0.7628514663813892,0.04908586130668863,b6f3c559-7590-ea11-a2c5-c4346bcb1550
168,0.844793625400496,0.06814022077477161,c5f3c559-7590-ea11-a2c5-c4346bcb1550
169,0.9343614459037797,0.10776986398109104,ddf3c559-7590-ea11-a2c5-c4346bcb1550
170,0.8844516677399223,0.08276533816162858,cef3c559-7590-ea11-a2c5-c4346bcb1550
171,0.8874385627981753,0.08413381318319257,d0f3c559-7590-ea11-a2c5-c4346bcb1550
172,0.939669370977849,0.11277725627161414,e3f3c559-7590-ea11-a2c5-c4346bcb1550
173,0.8638521614140056,0.07388863562516981,c9f3c559-7590-ea11-a2c5-c4346bcb1550
174,0.8661291001594239,0.07535085790369568,caf3c559-7590-ea11-a2c5-c4346bcb1550
175,0.9531796388430122,0.12418724288270801,e7f3c559-7590-ea11-a2c5-c4346bcb1550
176,0.8837016050129742,0.08386083807643162,d4f3c559-7590-ea11-a2c5-c4346bcb1550
177,0.9832855015584864,0.17514827353497125,f2f3c559-7590-ea11-a2c5-c4346bcb1550
178,0.9710583059755082,0.14126897658387588,ecf3c559-7590-ea11-a2c5-c4346bcb1550
179,0.9856038015182708,0.19673225757193644,f6f3c559-7590-ea11-a2c5-c4346bcb1550
180,0.9192835257477935,0.10131221123754501,d8f3c559-7590-ea11-a2c5-c4346bcb1550
181,0.9907712867815195,0.20298064412319286,fbf3c559-7590-ea11-a2c5-c4346bcb1550
182,0.9950479298421825,0.2543113441091685,03f4c559-7590-ea11-a2c5-c4346bcb1550
183,0.980954784563144,0.16712966222469153,fff3c559-7590-ea11-a2c5-c4346bcb1550
184,0.0,0.0,a1468853-7590-ea11-a2c5-c4346bcb1550
185,0.0,0.0,b4468853-7590-ea11-a2c5-c4346bcb1550
186,0.0,0.0,cc468853-7590-ea11-a2c5-c4346bcb1550
187,0.0,0.0,a5468853-7590-ea11-a2c5-c4346bcb1550
188,0.0,0.0,b8468853-7590-ea11-a2c5-c4346bcb1550
189,0.0,0.0,d2468853-7590-ea11-a2c5-c4346bcb1550
190,0.0,0.0,a9468853-7590-ea11-a2c5-c4346bcb1550
191,0.0,0.0,aa468853-7590-ea11-a2c5-c4346bcb1550
192,0.0,0.0,d6468853-7590-ea11-a2c5-c4346bcb1550
193,0.0,0.0,c3468853-7590-ea11-a2c5-c4346bcb1550
194,0.0,0.0,bd468853-7590-ea11-a2c5-c4346bcb1550
195,0.0,0.0,ae468853-7590-ea11-a2c5-c4346bcb1550
196,0.0,0.0,c7468853-7590-ea11-a2c5-c4346bcb1550
197,0.0,0.0,b0468853-7590-ea11-a2c5-c4346bcb1550
198,0.15666995963004804,0.002526023208597365,e1468853-7590-ea11-a2c5-c4346bcb1550
199,0.3167629526902548,0.008070034845668069,09478853-7590-ea11-a2c5-c4346bcb1550
200,0.0,0.0,db468853-7590-ea11-a2c5-c4346bcb1550
201,0.2893870533737427,0.006984795661872592,0a478853-7590-ea11-a2c5-c4346bcb1550
202,0.0847763641239838,0.001334092201193028,e5468853-7590-ea11-a2c5-c4346bcb1550
203,0.2526877771093433,0.006368613397791893,0e478853-7590-ea11-a2c5-c4346bcb1550
204,0.22431114254749257,0.004434475707119897,f4468853-7590-ea11-a2c5-c4346bcb1550
205,0.0,0.0,df468853-7590-ea11-a2c5-c4346bcb1550
206,0.3185780552968567,0.008903849392822924,fd468853-7590-ea11-a2c5-c4346bcb1550
207,0.34910760031987487,0.008015758381544,f8468853-7590-ea11-a2c5-c4346bcb1550
208,0.0,0.0,e9468853-7590-ea11-a2c5-c4346bcb1550
209,0.0668030783840236,0.0008121934457847606,ea468853-7590-ea11-a2c5-c4346bcb1550
210,0.2702500346997019,0.006740075985148216,01478853-7590-ea11-a2c5-c4346bcb1550
211,0.4506644381235759,0.01465974287576538,14478853-7590-ea11-a2c5-c4346bcb1550
212,0.20585257215042382,0.0036397896085113048,ee468853-7590-ea11-a2c5-c4346bcb1550
213,0.0,0.0,f0468853-7590-ea11-a2c5-c4346bcb1550
214,0.3380913113894532,0.010959296459842373,18478853-7590-ea11-a2c5-c4346bcb1550
215,0.2698343920789321,0.005586297582350188,05478853-7590-ea11-a2c5-c4346bcb1550
216,0.3398101515965925,0.011285161010263778,10478853-7590-ea11-a2c5-c4346bcb1550
217,0.3852849112798104,0.01338363285686805,85f3c559-7590-ea11-a2c5-c4346bcb1550
218,0.7329193200150608,0.04359668708112973,a0f3c559-7590-ea11-a2c5-c4346bcb1550
219,0.47741795361858524,0.018120863423874388,8ef3c559-7590-ea11-a2c5-c4346bcb1550
220,0.573671109382423,0.026307462742679866,9df3c559-7590-ea11-a2c5-c4346bcb1550
221,0.5098882298763512,0.019216018904970225,90f3c559-7590-ea11-a2c5-c4346bcb1550
222,0.7150409424141656,0.04293656598215203,a4f3c559-7590-ea11-a2c5-c4346bcb1550
223,0.4405127162802718,0.016540695120874426,89f3c559-7590-ea11-a2c5-c4346bcb1550
224,0.4715754508972115,0.017297522562926593,8af3c559-7590-ea11-a2c5-c4346bcb1550
225,0.5419704084527022,0.022440590615039672,94f3c559-7590-ea11-a2c5-c4346bcb1550
226,0.6719504446199474,0.03935624870841644,a8f3c559-7590-ea11-a2c5-c4346bcb1550
227,0.774874753658081,0.053268325497230824,bcf3c559-7590-ea11-a2c5-c4346bcb1550
228,0.6497826009580508,0.03559234645983162,adf3c559-7590-ea11-a2c5-c4346bcb1550
229,0.5569114658930491,0.024434891103268873,98f3c559-7590-ea11-a2c5-c4346bcb1550
230,0.8532332163967509,0.07006698811095076,c2f3c559-7590-ea11-a2c5-c4346bcb1550
231,0.7080485899154427,0.04322316675153548,b7f3c559-7590-ea11-a2c5-c4346bcb1550
232,0.605813654154949,0.031204800404710083,b3f3c559-7590-ea11-a2c5-c4346bcb1550
233,0.859186172975249,0.07433666396018575,cbf3c559-7590-ea11-a2c5-c4346bcb1550
234,0.856789705198101,0.07422234775268811,c6f3c559-7590-ea11-a2c5-c4346bcb1550
235,0.968470718272746,0.15076945636370437,e4f3c559-7590-ea11-a2c5-c4346bcb1550
236,0.8684267716865023,0.08023892529819053,cff3c559-7590-ea11-a2c5-c4346bcb1550
237,0.9710138791228025,0.1521806287847191,e8f3c559-7590-ea11-a2c5-c4346bcb1550
238,0.9147008975891183,0.09252933133138311,d1f3c559-7590-ea11-a2c5-c4346bcb1550
239,0.983370633974471,0.17103711264590546,edf3c559-7590-ea11-a2c5-c4346bcb1550
240,0.9868289240419098,0.189476585592309,f3f3c559-7590-ea11-a2c5-c4346bcb1550
241,0.9089062780550057,0.09249360916549154,d5f3c559-7590-ea11-a2c5-c4346bcb1550
242,0.9909121800775398,0.21299766628709557,f7f3c559-7590-ea11-a2c5-c4346bcb1550
243,0.9926563026153894,0.22833027084396548,fcf3c559-7590-ea11-a2c5-c4346bcb1550
244,0.9233055088618043,0.09860220152425646,d9f3c559-7590-ea11-a2c5-c4346bcb1550
245,0.9589253515413332,0.13474570880197964,def3c559-7590-ea11-a2c5-c4346bcb1550
246,0.9379577468519344,0.10931628797560373,daf3c559-7590-ea11-a2c5-c4346bcb1550
247,0.9654186361456552,0.13817032073459026,e0f3c559-7590-ea11-a2c5-c4346bcb1550
248,0.9938475316517943,0.23258211857651973,04f4c559-7590-ea11-a2c5-c4346bcb1550
249,0.9859286948426114,0.2008826422773003,00f4c559-7590-ea11-a2c5-c4346bcb1550
